"All loans have been checked","Mon Aug 18 15:22:03 EEST 2025"
"Checked the loan data of loan with id 1","Mon Aug 18 15:22:25 EEST 2025"
"All loans have been checked","Mon Aug 18 15:27:38 EEST 2025"
"Checked the loan data of loan with id 4","Mon Aug 18 15:27:46 EEST 2025"
"Opted to add loan with loan ID: 11","Mon Aug 18 15:58:46 EEST 2025"
"Opted to add loan with loan ID: 11","Mon Aug 18 15:59:41 EEST 2025"
"Exited","Tue Aug 19 13:34:44 EEST 2025"
"All loans have been checked","Tue Aug 19 13:45:02 EEST 2025"
"Exited","Tue Aug 19 13:45:07 EEST 2025"
"Opted to add loan with loan ID: 12","Tue Aug 19 12:13:03 UTC 2025"
"Exited","Tue Aug 19 12:13:45 UTC 2025"
"Opted to add loan with loan ID: 12","Tue Aug 19 12:13:59 UTC 2025"
"Exited","Tue Aug 19 12:14:09 UTC 2025"
"Exited","Tue Aug 19 15:14:21 EEST 2025"
"Opted to add loan with loan ID: 12","Tue Aug 19 15:14:50 EEST 2025"
"Opted to add loan with loan ID: 11","Tue Aug 19 15:15:48 EEST 2025"
"Opted to add loan with loan ID: 11","Tue Aug 19 15:15:59 EEST 2025"
"Opted to add loan with loan ID: 11","Tue Aug 19 12:17:40 UTC 2025"
"Exited","Tue Aug 19 12:17:45 UTC 2025"
